<?xml version="1.0"?>
<doc>
    <assembly>
        <name>iTunesLibraryEditor</name>
    </assembly>
    <members>
        <member name="T:iTunesLibraryEditor.TrackListContainer">
            <summary>
            Implements a type 1 (Tracks list) hdsm entry in iTunes library
            </summary>
        </member>
        <member name="T:iTunesLibraryEditor.BaseElement">
            <summary>
            Abstract base class each iTunes Library element inherits from.  Not to be used from user-code.
            </summary>
        </member>
        <member name="T:iTunesLibraryEditor.Exceptions.TrackAlreadyExistsException">
            <summary>
            Thrown when trying to add a track that already exists in the iTunes Library.
            </summary>
        </member>
        <member name="P:iTunesLibraryEditor.Exceptions.TrackAlreadyExistsException.ExistingTrack">
            <summary>
            Track which already exists in the iTunes Library
            </summary>
        </member>
        <member name="T:iTunesLibraryEditor.DataTypes.ITunesDateTime">
            <summary>
            Wraps a .NET DateTime and an iTunes-format timestamp.
            </summary>
        </member>
        <member name="T:iTunesLibraryEditor.PlaylistList">
            <summary>
            List of iTunes playlists
            </summary>
        </member>
        <member name="M:iTunesLibraryEditor.PlaylistList.GetPlaylistByName(System.String)">
            <summary>
            Returns the playlist with the given name.  If no playlists match, returns null
            </summary>
            <param name="name"></param>
            <returns></returns>
        </member>
        <member name="M:iTunesLibraryEditor.PlaylistList.Add(System.String)">
            <summary>
            Adds a new playlist with the specified name and returns the new playlist.
            If there is already a playlist with the same name OperationNotAllowedException is thrown
            </summary>
            <param name="playlistName"></param>
            <returns>Playlist</returns>
        </member>
        <member name="M:iTunesLibraryEditor.PlaylistList.Contains(iTunesLibraryEditor.Playlist)">
            <summary>
            Returns true if iTunes contains the specified playlist.
            </summary>
            <param name="item"></param>
            <returns></returns>
        </member>
        <member name="M:iTunesLibraryEditor.PlaylistList.Remove(iTunesLibraryEditor.Playlist)">
            <summary>
            Remove a playlist from iTunes
            </summary>
            <param name="item"></param>
            <param name="deleteTracks"></param>
            <returns></returns>
        </member>
        <member name="P:iTunesLibraryEditor.PlaylistList.BindingList">
            <summary>
            List of playlists in iTunes.  Playlists shouldnt be added/removed through this list (instead you should go through the normal
            library.Playlists.Add("name"), but its useful to bind to a DataGridView or other control which supports databinding
            </summary>
        </member>
        <member name="P:iTunesLibraryEditor.PlaylistList.Count">
            <summary>
            How many playlists are in iTunes.
            </summary>
        </member>
        <member name="T:iTunesLibraryEditor.Util.LittleEndianBitConverter">
            <summary>
            Implementation of EndianBitConverter which converts to/from little-endian
            byte arrays.
            </summary>
        </member>
        <member name="T:iTunesLibraryEditor.Util.EndianBitConverter">
            <summary>
            Equivalent of System.BitConverter, but with either endianness.
            </summary>
        </member>
        <member name="M:iTunesLibraryEditor.Util.EndianBitConverter.IsLittleEndian">
            <summary>
            Indicates the byte order ("endianess") in which data is converted using this class.
            </summary>
            <remarks>
            Different computer architectures store data using different byte orders. "Big-endian"
            means the most significant byte is on the left end of a word. "Little-endian" means the 
            most significant byte is on the right end of a word.
            </remarks>
            <returns>true if this converter is little-endian, false otherwise.</returns>
        </member>
        <member name="M:iTunesLibraryEditor.Util.EndianBitConverter.DoubleToInt64Bits(System.Double)">
            <summary>
            Converts the specified double-precision floating point number to a 
            64-bit signed integer. Note: the endianness of this converter does not
            affect the returned value.
            </summary>
            <param name="value">The number to convert. </param>
            <returns>A 64-bit signed integer whose value is equivalent to value.</returns>
        </member>
        <member name="M:iTunesLibraryEditor.Util.EndianBitConverter.Int64BitsToDouble(System.Int64)">
            <summary>
            Converts the specified 64-bit signed integer to a double-precision 
            floating point number. Note: the endianness of this converter does not
            affect the returned value.
            </summary>
            <param name="value">The number to convert. </param>
            <returns>A double-precision floating point number whose value is equivalent to value.</returns>
        </member>
        <member name="M:iTunesLibraryEditor.Util.EndianBitConverter.SingleToInt32Bits(System.Single)">
            <summary>
            Converts the specified single-precision floating point number to a 
            32-bit signed integer. Note: the endianness of this converter does not
            affect the returned value.
            </summary>
            <param name="value">The number to convert. </param>
            <returns>A 32-bit signed integer whose value is equivalent to value.</returns>
        </member>
        <member name="M:iTunesLibraryEditor.Util.EndianBitConverter.Int32BitsToSingle(System.Int32)">
            <summary>
            Converts the specified 32-bit signed integer to a single-precision floating point 
            number. Note: the endianness of this converter does not
            affect the returned value.
            </summary>
            <param name="value">The number to convert. </param>
            <returns>A single-precision floating point number whose value is equivalent to value.</returns>
        </member>
        <member name="M:iTunesLibraryEditor.Util.EndianBitConverter.ToBoolean(System.Byte[],System.Int32)">
            <summary>
            Returns a Boolean value converted from one byte at a specified position in a byte array.
            </summary>
            <param name="value">An array of bytes.</param>
            <param name="startIndex">The starting position within value.</param>
            <returns>true if the byte at startIndex in value is nonzero; otherwise, false.</returns>
        </member>
        <member name="M:iTunesLibraryEditor.Util.EndianBitConverter.ToChar(System.Byte[],System.Int32)">
            <summary>
            Returns a Unicode character converted from two bytes at a specified position in a byte array.
            </summary>
            <param name="value">An array of bytes.</param>
            <param name="startIndex">The starting position within value.</param>
            <returns>A character formed by two bytes beginning at startIndex.</returns>
        </member>
        <member name="M:iTunesLibraryEditor.Util.EndianBitConverter.ToDouble(System.Byte[],System.Int32)">
            <summary>
            Returns a double-precision floating point number converted from eight bytes 
            at a specified position in a byte array.
            </summary>
            <param name="value">An array of bytes.</param>
            <param name="startIndex">The starting position within value.</param>
            <returns>A double precision floating point number formed by eight bytes beginning at startIndex.</returns>
        </member>
        <member name="M:iTunesLibraryEditor.Util.EndianBitConverter.ToSingle(System.Byte[],System.Int32)">
            <summary>
            Returns a single-precision floating point number converted from four bytes 
            at a specified position in a byte array.
            </summary>
            <param name="value">An array of bytes.</param>
            <param name="startIndex">The starting position within value.</param>
            <returns>A single precision floating point number formed by four bytes beginning at startIndex.</returns>
        </member>
        <member name="M:iTunesLibraryEditor.Util.EndianBitConverter.ToInt16(System.Byte[],System.Int32)">
            <summary>
            Returns a 16-bit signed integer converted from two bytes at a specified position in a byte array.
            </summary>
            <param name="value">An array of bytes.</param>
            <param name="startIndex">The starting position within value.</param>
            <returns>A 16-bit signed integer formed by two bytes beginning at startIndex.</returns>
        </member>
        <member name="M:iTunesLibraryEditor.Util.EndianBitConverter.ToInt32(System.Byte[],System.Int32)">
            <summary>
            Returns a 32-bit signed integer converted from four bytes at a specified position in a byte array.
            </summary>
            <param name="value">An array of bytes.</param>
            <param name="startIndex">The starting position within value.</param>
            <returns>A 32-bit signed integer formed by four bytes beginning at startIndex.</returns>
        </member>
        <member name="M:iTunesLibraryEditor.Util.EndianBitConverter.ToInt64(System.Byte[],System.Int32)">
            <summary>
            Returns a 64-bit signed integer converted from eight bytes at a specified position in a byte array.
            </summary>
            <param name="value">An array of bytes.</param>
            <param name="startIndex">The starting position within value.</param>
            <returns>A 64-bit signed integer formed by eight bytes beginning at startIndex.</returns>
        </member>
        <member name="M:iTunesLibraryEditor.Util.EndianBitConverter.ToUInt16(System.Byte[],System.Int32)">
            <summary>
            Returns a 16-bit unsigned integer converted from two bytes at a specified position in a byte array.
            </summary>
            <param name="value">An array of bytes.</param>
            <param name="startIndex">The starting position within value.</param>
            <returns>A 16-bit unsigned integer formed by two bytes beginning at startIndex.</returns>
        </member>
        <member name="M:iTunesLibraryEditor.Util.EndianBitConverter.ToUInt32(System.Byte[],System.Int32)">
            <summary>
            Returns a 32-bit unsigned integer converted from four bytes at a specified position in a byte array.
            </summary>
            <param name="value">An array of bytes.</param>
            <param name="startIndex">The starting position within value.</param>
            <returns>A 32-bit unsigned integer formed by four bytes beginning at startIndex.</returns>
        </member>
        <member name="M:iTunesLibraryEditor.Util.EndianBitConverter.ToUInt64(System.Byte[],System.Int32)">
            <summary>
            Returns a 64-bit unsigned integer converted from eight bytes at a specified position in a byte array.
            </summary>
            <param name="value">An array of bytes.</param>
            <param name="startIndex">The starting position within value.</param>
            <returns>A 64-bit unsigned integer formed by eight bytes beginning at startIndex.</returns>
        </member>
        <member name="M:iTunesLibraryEditor.Util.EndianBitConverter.CheckByteArgument(System.Byte[],System.Int32,System.Int32)">
            <summary>
            Checks the given argument for validity.
            </summary>
            <param name="value">The byte array passed in</param>
            <param name="startIndex">The start index passed in</param>
            <param name="bytesRequired">The number of bytes required</param>
            <exception cref="T:System.ArgumentNullException">value is a null reference</exception>
            <exception cref="T:System.ArgumentOutOfRangeException">
            startIndex is less than zero or greater than the length of value minus bytesRequired.
            </exception>
        </member>
        <member name="M:iTunesLibraryEditor.Util.EndianBitConverter.CheckedFromBytes(System.Byte[],System.Int32,System.Int32)">
            <summary>
            Checks the arguments for validity before calling FromBytes
            (which can therefore assume the arguments are valid).
            </summary>
            <param name="value">The bytes to convert after checking</param>
            <param name="startIndex">The index of the first byte to convert</param>
            <param name="bytesToConvert">The number of bytes to convert</param>
            <returns></returns>
        </member>
        <member name="M:iTunesLibraryEditor.Util.EndianBitConverter.FromBytes(System.Byte[],System.Int32,System.Int32)">
            <summary>
            Convert the given number of bytes from the given array, from the given start
            position, into a long, using the bytes as the least significant part of the long.
            By the time this is called, the arguments have been checked for validity.
            </summary>
            <param name="value">The bytes to convert</param>
            <param name="startIndex">The index of the first byte to convert</param>
            <param name="bytesToConvert">The number of bytes to use in the conversion</param>
            <returns>The converted number</returns>
        </member>
        <member name="M:iTunesLibraryEditor.Util.EndianBitConverter.ToString(System.Byte[])">
            <summary>
            Returns a String converted from the elements of a byte array.
            </summary>
            <param name="value">An array of bytes.</param>
            <remarks>All the elements of value are converted.</remarks>
            <returns>
            A String of hexadecimal pairs separated by hyphens, where each pair 
            represents the corresponding element in value; for example, "7F-2C-4A".
            </returns>
        </member>
        <member name="M:iTunesLibraryEditor.Util.EndianBitConverter.ToString(System.Byte[],System.Int32)">
            <summary>
            Returns a String converted from the elements of a byte array starting at a specified array position.
            </summary>
            <param name="value">An array of bytes.</param>
            <param name="startIndex">The starting position within value.</param>
            <remarks>The elements from array position startIndex to the end of the array are converted.</remarks>
            <returns>
            A String of hexadecimal pairs separated by hyphens, where each pair 
            represents the corresponding element in value; for example, "7F-2C-4A".
            </returns>
        </member>
        <member name="M:iTunesLibraryEditor.Util.EndianBitConverter.ToString(System.Byte[],System.Int32,System.Int32)">
            <summary>
            Returns a String converted from a specified number of bytes at a specified position in a byte array.
            </summary>
            <param name="value">An array of bytes.</param>
            <param name="startIndex">The starting position within value.</param>
            <param name="length">The number of bytes to convert.</param>
            <remarks>The length elements from array position startIndex are converted.</remarks>
            <returns>
            A String of hexadecimal pairs separated by hyphens, where each pair 
            represents the corresponding element in value; for example, "7F-2C-4A".
            </returns>
        </member>
        <member name="M:iTunesLibraryEditor.Util.EndianBitConverter.ToDecimal(System.Byte[],System.Int32)">
            <summary>
            Returns a decimal value converted from sixteen bytes 
            at a specified position in a byte array.
            </summary>
            <param name="value">An array of bytes.</param>
            <param name="startIndex">The starting position within value.</param>
            <returns>A decimal  formed by sixteen bytes beginning at startIndex.</returns>
        </member>
        <member name="M:iTunesLibraryEditor.Util.EndianBitConverter.GetBytes(System.Decimal)">
            <summary>
            Returns the specified decimal value as an array of bytes.
            </summary>
            <param name="value">The number to convert.</param>
            <returns>An array of bytes with length 16.</returns>
        </member>
        <member name="M:iTunesLibraryEditor.Util.EndianBitConverter.CopyBytes(System.Decimal,System.Byte[],System.Int32)">
            <summary>
            Copies the specified decimal value into the specified byte array,
            beginning at the specified index.
            </summary>
            <param name="value">A character to convert.</param>
            <param name="buffer">The byte array to copy the bytes into</param>
            <param name="index">The first index into the array to copy the bytes into</param>
        </member>
        <member name="M:iTunesLibraryEditor.Util.EndianBitConverter.GetBytes(System.Int64,System.Int32)">
            <summary>
            Returns an array with the given number of bytes formed
            from the least significant bytes of the specified value.
            This is used to implement the other GetBytes methods.
            </summary>
            <param name="value">The value to get bytes for</param>
            <param name="bytes">The number of significant bytes to return</param>
        </member>
        <member name="M:iTunesLibraryEditor.Util.EndianBitConverter.GetBytes(System.Boolean)">
            <summary>
            Returns the specified Boolean value as an array of bytes.
            </summary>
            <param name="value">A Boolean value.</param>
            <returns>An array of bytes with length 1.</returns>
        </member>
        <member name="M:iTunesLibraryEditor.Util.EndianBitConverter.GetBytes(System.Char)">
            <summary>
            Returns the specified Unicode character value as an array of bytes.
            </summary>
            <param name="value">A character to convert.</param>
            <returns>An array of bytes with length 2.</returns>
        </member>
        <member name="M:iTunesLibraryEditor.Util.EndianBitConverter.GetBytes(System.Double)">
            <summary>
            Returns the specified double-precision floating point value as an array of bytes.
            </summary>
            <param name="value">The number to convert.</param>
            <returns>An array of bytes with length 8.</returns>
        </member>
        <member name="M:iTunesLibraryEditor.Util.EndianBitConverter.GetBytes(System.Int16)">
            <summary>
            Returns the specified 16-bit signed integer value as an array of bytes.
            </summary>
            <param name="value">The number to convert.</param>
            <returns>An array of bytes with length 2.</returns>
        </member>
        <member name="M:iTunesLibraryEditor.Util.EndianBitConverter.GetBytes(System.Int32)">
            <summary>
            Returns the specified 32-bit signed integer value as an array of bytes.
            </summary>
            <param name="value">The number to convert.</param>
            <returns>An array of bytes with length 4.</returns>
        </member>
        <member name="M:iTunesLibraryEditor.Util.EndianBitConverter.GetBytes(System.Int64)">
            <summary>
            Returns the specified 64-bit signed integer value as an array of bytes.
            </summary>
            <param name="value">The number to convert.</param>
            <returns>An array of bytes with length 8.</returns>
        </member>
        <member name="M:iTunesLibraryEditor.Util.EndianBitConverter.GetBytes(System.Single)">
            <summary>
            Returns the specified single-precision floating point value as an array of bytes.
            </summary>
            <param name="value">The number to convert.</param>
            <returns>An array of bytes with length 4.</returns>
        </member>
        <member name="M:iTunesLibraryEditor.Util.EndianBitConverter.GetBytes(System.UInt16)">
            <summary>
            Returns the specified 16-bit unsigned integer value as an array of bytes.
            </summary>
            <param name="value">The number to convert.</param>
            <returns>An array of bytes with length 2.</returns>
        </member>
        <member name="M:iTunesLibraryEditor.Util.EndianBitConverter.GetBytes(System.UInt32)">
            <summary>
            Returns the specified 32-bit unsigned integer value as an array of bytes.
            </summary>
            <param name="value">The number to convert.</param>
            <returns>An array of bytes with length 4.</returns>
        </member>
        <member name="M:iTunesLibraryEditor.Util.EndianBitConverter.GetBytes(System.UInt64)">
            <summary>
            Returns the specified 64-bit unsigned integer value as an array of bytes.
            </summary>
            <param name="value">The number to convert.</param>
            <returns>An array of bytes with length 8.</returns>
        </member>
        <member name="M:iTunesLibraryEditor.Util.EndianBitConverter.CopyBytes(System.Int64,System.Int32,System.Byte[],System.Int32)">
            <summary>
            Copies the given number of bytes from the least-specific
            end of the specified value into the specified byte array, beginning
            at the specified index.
            This is used to implement the other CopyBytes methods.
            </summary>
            <param name="value">The value to copy bytes for</param>
            <param name="bytes">The number of significant bytes to copy</param>
            <param name="buffer">The byte array to copy the bytes into</param>
            <param name="index">The first index into the array to copy the bytes into</param>
        </member>
        <member name="M:iTunesLibraryEditor.Util.EndianBitConverter.CopyBytesImpl(System.Int64,System.Int32,System.Byte[],System.Int32)">
            <summary>
            Copies the given number of bytes from the least-specific
            end of the specified value into the specified byte array, beginning
            at the specified index.
            This must be implemented in concrete derived classes, but the implementation
            may assume that the value will fit into the buffer.
            </summary>
            <param name="value">The value to copy bytes for</param>
            <param name="bytes">The number of significant bytes to copy</param>
            <param name="buffer">The byte array to copy the bytes into</param>
            <param name="index">The first index into the array to copy the bytes into</param>
        </member>
        <member name="M:iTunesLibraryEditor.Util.EndianBitConverter.CopyBytes(System.Boolean,System.Byte[],System.Int32)">
            <summary>
            Copies the specified Boolean value into the specified byte array,
            beginning at the specified index.
            </summary>
            <param name="value">A Boolean value.</param>
            <param name="buffer">The byte array to copy the bytes into</param>
            <param name="index">The first index into the array to copy the bytes into</param>
        </member>
        <member name="M:iTunesLibraryEditor.Util.EndianBitConverter.CopyBytes(System.Char,System.Byte[],System.Int32)">
            <summary>
            Copies the specified Unicode character value into the specified byte array,
            beginning at the specified index.
            </summary>
            <param name="value">A character to convert.</param>
            <param name="buffer">The byte array to copy the bytes into</param>
            <param name="index">The first index into the array to copy the bytes into</param>
        </member>
        <member name="M:iTunesLibraryEditor.Util.EndianBitConverter.CopyBytes(System.Double,System.Byte[],System.Int32)">
            <summary>
            Copies the specified double-precision floating point value into the specified byte array,
            beginning at the specified index.
            </summary>
            <param name="value">The number to convert.</param>
            <param name="buffer">The byte array to copy the bytes into</param>
            <param name="index">The first index into the array to copy the bytes into</param>
        </member>
        <member name="M:iTunesLibraryEditor.Util.EndianBitConverter.CopyBytes(System.Int16,System.Byte[],System.Int32)">
            <summary>
            Copies the specified 16-bit signed integer value into the specified byte array,
            beginning at the specified index.
            </summary>
            <param name="value">The number to convert.</param>
            <param name="buffer">The byte array to copy the bytes into</param>
            <param name="index">The first index into the array to copy the bytes into</param>
        </member>
        <member name="M:iTunesLibraryEditor.Util.EndianBitConverter.CopyBytes(System.Int32,System.Byte[],System.Int32)">
            <summary>
            Copies the specified 32-bit signed integer value into the specified byte array,
            beginning at the specified index.
            </summary>
            <param name="value">The number to convert.</param>
            <param name="buffer">The byte array to copy the bytes into</param>
            <param name="index">The first index into the array to copy the bytes into</param>
        </member>
        <member name="M:iTunesLibraryEditor.Util.EndianBitConverter.CopyBytes(System.Int64,System.Byte[],System.Int32)">
            <summary>
            Copies the specified 64-bit signed integer value into the specified byte array,
            beginning at the specified index.
            </summary>
            <param name="value">The number to convert.</param>
            <param name="buffer">The byte array to copy the bytes into</param>
            <param name="index">The first index into the array to copy the bytes into</param>
        </member>
        <member name="M:iTunesLibraryEditor.Util.EndianBitConverter.CopyBytes(System.Single,System.Byte[],System.Int32)">
            <summary>
            Copies the specified single-precision floating point value into the specified byte array,
            beginning at the specified index.
            </summary>
            <param name="value">The number to convert.</param>
            <param name="buffer">The byte array to copy the bytes into</param>
            <param name="index">The first index into the array to copy the bytes into</param>
        </member>
        <member name="M:iTunesLibraryEditor.Util.EndianBitConverter.CopyBytes(System.UInt16,System.Byte[],System.Int32)">
            <summary>
            Copies the specified 16-bit unsigned integer value into the specified byte array,
            beginning at the specified index.
            </summary>
            <param name="value">The number to convert.</param>
            <param name="buffer">The byte array to copy the bytes into</param>
            <param name="index">The first index into the array to copy the bytes into</param>
        </member>
        <member name="M:iTunesLibraryEditor.Util.EndianBitConverter.CopyBytes(System.UInt32,System.Byte[],System.Int32)">
            <summary>
            Copies the specified 32-bit unsigned integer value into the specified byte array,
            beginning at the specified index.
            </summary>
            <param name="value">The number to convert.</param>
            <param name="buffer">The byte array to copy the bytes into</param>
            <param name="index">The first index into the array to copy the bytes into</param>
        </member>
        <member name="M:iTunesLibraryEditor.Util.EndianBitConverter.CopyBytes(System.UInt64,System.Byte[],System.Int32)">
            <summary>
            Copies the specified 64-bit unsigned integer value into the specified byte array,
            beginning at the specified index.
            </summary>
            <param name="value">The number to convert.</param>
            <param name="buffer">The byte array to copy the bytes into</param>
            <param name="index">The first index into the array to copy the bytes into</param>
        </member>
        <member name="P:iTunesLibraryEditor.Util.EndianBitConverter.Endianness">
            <summary>
            Indicates the byte order ("endianess") in which data is converted using this class.
            </summary>
        </member>
        <member name="P:iTunesLibraryEditor.Util.EndianBitConverter.Little">
            <summary>
            Returns a little-endian bit converter instance. The same instance is
            always returned.
            </summary>
        </member>
        <member name="P:iTunesLibraryEditor.Util.EndianBitConverter.Big">
            <summary>
            Returns a big-endian bit converter instance. The same instance is
            always returned.
            </summary>
        </member>
        <member name="T:iTunesLibraryEditor.Util.EndianBitConverter.Int32SingleUnion">
            <summary>
            Union used solely for the equivalent of DoubleToInt64Bits and vice versa.
            </summary>
        </member>
        <member name="F:iTunesLibraryEditor.Util.EndianBitConverter.Int32SingleUnion.i">
            <summary>
            Int32 version of the value.
            </summary>
        </member>
        <member name="F:iTunesLibraryEditor.Util.EndianBitConverter.Int32SingleUnion.f">
            <summary>
            Single version of the value.
            </summary>
        </member>
        <member name="M:iTunesLibraryEditor.Util.EndianBitConverter.Int32SingleUnion.#ctor(System.Int32)">
            <summary>
            Creates an instance representing the given integer.
            </summary>
            <param name="i">The integer value of the new instance.</param>
        </member>
        <member name="M:iTunesLibraryEditor.Util.EndianBitConverter.Int32SingleUnion.#ctor(System.Single)">
            <summary>
            Creates an instance representing the given floating point number.
            </summary>
            <param name="f">The floating point value of the new instance.</param>
        </member>
        <member name="P:iTunesLibraryEditor.Util.EndianBitConverter.Int32SingleUnion.AsInt32">
            <summary>
            Returns the value of the instance as an integer.
            </summary>
        </member>
        <member name="P:iTunesLibraryEditor.Util.EndianBitConverter.Int32SingleUnion.AsSingle">
            <summary>
            Returns the value of the instance as a floating point number.
            </summary>
        </member>
        <member name="M:iTunesLibraryEditor.Util.LittleEndianBitConverter.IsLittleEndian">
            <summary>
            Indicates the byte order ("endianess") in which data is converted using this class.
            </summary>
            <remarks>
            Different computer architectures store data using different byte orders. "Big-endian"
            means the most significant byte is on the left end of a word. "Little-endian" means the 
            most significant byte is on the right end of a word.
            </remarks>
            <returns>true if this converter is little-endian, false otherwise.</returns>
        </member>
        <member name="M:iTunesLibraryEditor.Util.LittleEndianBitConverter.CopyBytesImpl(System.Int64,System.Int32,System.Byte[],System.Int32)">
            <summary>
            Copies the specified number of bytes from value to buffer, starting at index.
            </summary>
            <param name="value">The value to copy</param>
            <param name="bytes">The number of bytes to copy</param>
            <param name="buffer">The buffer to copy the bytes into</param>
            <param name="index">The index to start at</param>
        </member>
        <member name="M:iTunesLibraryEditor.Util.LittleEndianBitConverter.FromBytes(System.Byte[],System.Int32,System.Int32)">
            <summary>
            Returns a value built from the specified number of bytes from the given buffer,
            starting at index.
            </summary>
            <param name="buffer">The data in byte array format</param>
            <param name="startIndex">The first index to use</param>
            <param name="bytesToConvert">The number of bytes to use</param>
            <returns>The value built from the given bytes</returns>
        </member>
        <member name="P:iTunesLibraryEditor.Util.LittleEndianBitConverter.Endianness">
            <summary>
            Indicates the byte order ("endianess") in which data is converted using this class.
            </summary>
        </member>
        <member name="T:iTunesLibraryEditor.Util.BigEndianBitConverter">
            <summary>
            Implementation of EndianBitConverter which converts to/from big-endian
            byte arrays.
            </summary>
        </member>
        <member name="M:iTunesLibraryEditor.Util.BigEndianBitConverter.IsLittleEndian">
            <summary>
            Indicates the byte order ("endianess") in which data is converted using this class.
            </summary>
            <remarks>
            Different computer architectures store data using different byte orders. "Big-endian"
            means the most significant byte is on the left end of a word. "Little-endian" means the 
            most significant byte is on the right end of a word.
            </remarks>
            <returns>true if this converter is little-endian, false otherwise.</returns>
        </member>
        <member name="M:iTunesLibraryEditor.Util.BigEndianBitConverter.CopyBytesImpl(System.Int64,System.Int32,System.Byte[],System.Int32)">
            <summary>
            Copies the specified number of bytes from value to buffer, starting at index.
            </summary>
            <param name="value">The value to copy</param>
            <param name="bytes">The number of bytes to copy</param>
            <param name="buffer">The buffer to copy the bytes into</param>
            <param name="index">The index to start at</param>
        </member>
        <member name="M:iTunesLibraryEditor.Util.BigEndianBitConverter.FromBytes(System.Byte[],System.Int32,System.Int32)">
            <summary>
            Returns a value built from the specified number of bytes from the given buffer,
            starting at index.
            </summary>
            <param name="buffer">The data in byte array format</param>
            <param name="startIndex">The first index to use</param>
            <param name="bytesToConvert">The number of bytes to use</param>
            <returns>The value built from the given bytes</returns>
        </member>
        <member name="P:iTunesLibraryEditor.Util.BigEndianBitConverter.Endianness">
            <summary>
            Indicates the byte order ("endianess") in which data is converted using this class.
            </summary>
        </member>
        <member name="T:iTunesLibraryEditor.DataTypes.ITunesTrackSize">
            <summary>
            Wraps a file size in bytes and a human-readable string describing the size.
            </summary>
        </member>
        <member name="T:iTunesLibraryEditor.DataTypes.ITunesTrackLength">
            <summary>
            Wraps a track length in milliseconds and a human-readable hh:mm:ss string
            </summary>
        </member>
        <member name="T:iTunesLibraryEditor.Properties.Resources">
            <summary>
              A strongly-typed resource class, for looking up localized strings, etc.
            </summary>
        </member>
        <member name="P:iTunesLibraryEditor.Properties.Resources.ResourceManager">
            <summary>
              Returns the cached ResourceManager instance used by this class.
            </summary>
        </member>
        <member name="P:iTunesLibraryEditor.Properties.Resources.Culture">
            <summary>
              Overrides the current thread's CurrentUICulture property for all
              resource lookups using this strongly typed resource class.
            </summary>
        </member>
        <member name="T:iTunesLibraryEditor.PlaylistListContainer">
            <summary>
            Implements a type 2 (Playlists list) hdsm entry in iTunes library
            </summary>
        </member>
        <member name="T:iTunesLibraryEditor.AlbumItem">
            <summary>
            Implements a haim element
            </summary>
        </member>
        <member name="P:iTunesLibraryEditor.DatabaseRoot.Version">
            <summary>
            Converts VersionString to a .NET Version
            </summary>
        </member>
        <member name="T:iTunesLibraryEditor.Util.EndianBinaryWriter">
            <summary>
            Equivalent of System.IO.BinaryWriter, but with either endianness, depending on
            the EndianBitConverter it is constructed with.
            </summary>
        </member>
        <member name="F:iTunesLibraryEditor.Util.EndianBinaryWriter.disposed">
            <summary>
            Whether or not this writer has been disposed yet.
            </summary>
        </member>
        <member name="F:iTunesLibraryEditor.Util.EndianBinaryWriter.buffer">
            <summary>
            Buffer used for temporary storage during conversion from primitives
            </summary>
        </member>
        <member name="F:iTunesLibraryEditor.Util.EndianBinaryWriter.charBuffer">
            <summary>
            Buffer used for Write(char)
            </summary>
        </member>
        <member name="M:iTunesLibraryEditor.Util.EndianBinaryWriter.#ctor(iTunesLibraryEditor.Util.EndianBitConverter,System.IO.Stream)">
            <summary>
            Constructs a new binary writer with the given bit converter, writing
            to the given stream, using UTF-8 encoding.
            </summary>
            <param name="bitConverter">Converter to use when writing data</param>
            <param name="stream">Stream to write data to</param>
        </member>
        <member name="M:iTunesLibraryEditor.Util.EndianBinaryWriter.#ctor(iTunesLibraryEditor.Util.EndianBitConverter,System.IO.Stream,System.Text.Encoding)">
            <summary>
            Constructs a new binary writer with the given bit converter, writing
            to the given stream, using the given encoding.
            </summary>
            <param name="bitConverter">Converter to use when writing data</param>
            <param name="stream">Stream to write data to</param>
            <param name="encoding">Encoding to use when writing character data</param>
        </member>
        <member name="M:iTunesLibraryEditor.Util.EndianBinaryWriter.Close">
            <summary>
            Closes the writer, including the underlying stream.
            </summary>
        </member>
        <member name="M:iTunesLibraryEditor.Util.EndianBinaryWriter.Flush">
            <summary>
            Flushes the underlying stream.
            </summary>
        </member>
        <member name="M:iTunesLibraryEditor.Util.EndianBinaryWriter.Seek(System.Int32,System.IO.SeekOrigin)">
            <summary>
            Seeks within the stream.
            </summary>
            <param name="offset">Offset to seek to.</param>
            <param name="origin">Origin of seek operation.</param>
        </member>
        <member name="M:iTunesLibraryEditor.Util.EndianBinaryWriter.Write(System.Boolean)">
            <summary>
            Writes a boolean value to the stream. 1 byte is written.
            </summary>
            <param name="value">The value to write</param>
        </member>
        <member name="M:iTunesLibraryEditor.Util.EndianBinaryWriter.Write(System.Int16)">
            <summary>
            Writes a 16-bit signed integer to the stream, using the bit converter
            for this writer. 2 bytes are written.
            </summary>
            <param name="value">The value to write</param>
        </member>
        <member name="M:iTunesLibraryEditor.Util.EndianBinaryWriter.Write(System.Int32)">
            <summary>
            Writes a 32-bit signed integer to the stream, using the bit converter
            for this writer. 4 bytes are written.
            </summary>
            <param name="value">The value to write</param>
        </member>
        <member name="M:iTunesLibraryEditor.Util.EndianBinaryWriter.Write(System.Int64)">
            <summary>
            Writes a 64-bit signed integer to the stream, using the bit converter
            for this writer. 8 bytes are written.
            </summary>
            <param name="value">The value to write</param>
        </member>
        <member name="M:iTunesLibraryEditor.Util.EndianBinaryWriter.Write(System.UInt16)">
            <summary>
            Writes a 16-bit unsigned integer to the stream, using the bit converter
            for this writer. 2 bytes are written.
            </summary>
            <param name="value">The value to write</param>
        </member>
        <member name="M:iTunesLibraryEditor.Util.EndianBinaryWriter.Write(System.UInt32)">
            <summary>
            Writes a 32-bit unsigned integer to the stream, using the bit converter
            for this writer. 4 bytes are written.
            </summary>
            <param name="value">The value to write</param>
        </member>
        <member name="M:iTunesLibraryEditor.Util.EndianBinaryWriter.Write(System.UInt64)">
            <summary>
            Writes a 64-bit unsigned integer to the stream, using the bit converter
            for this writer. 8 bytes are written.
            </summary>
            <param name="value">The value to write</param>
        </member>
        <member name="M:iTunesLibraryEditor.Util.EndianBinaryWriter.Write(System.Single)">
            <summary>
            Writes a single-precision floating-point value to the stream, using the bit converter
            for this writer. 4 bytes are written.
            </summary>
            <param name="value">The value to write</param>
        </member>
        <member name="M:iTunesLibraryEditor.Util.EndianBinaryWriter.Write(System.Double)">
            <summary>
            Writes a double-precision floating-point value to the stream, using the bit converter
            for this writer. 8 bytes are written.
            </summary>
            <param name="value">The value to write</param>
        </member>
        <member name="M:iTunesLibraryEditor.Util.EndianBinaryWriter.Write(System.Decimal)">
            <summary>
            Writes a decimal value to the stream, using the bit converter for this writer.
            16 bytes are written.
            </summary>
            <param name="value">The value to write</param>
        </member>
        <member name="M:iTunesLibraryEditor.Util.EndianBinaryWriter.Write(System.Byte)">
            <summary>
            Writes a signed byte to the stream.
            </summary>
            <param name="value">The value to write</param>
        </member>
        <member name="M:iTunesLibraryEditor.Util.EndianBinaryWriter.Write(System.SByte)">
            <summary>
            Writes an unsigned byte to the stream.
            </summary>
            <param name="value">The value to write</param>
        </member>
        <member name="M:iTunesLibraryEditor.Util.EndianBinaryWriter.Write(System.Byte[])">
            <summary>
            Writes an array of bytes to the stream.
            </summary>
            <param name="value">The values to write</param>
        </member>
        <member name="M:iTunesLibraryEditor.Util.EndianBinaryWriter.Write(System.Byte[],System.Int32,System.Int32)">
            <summary>
            Writes a portion of an array of bytes to the stream.
            </summary>
            <param name="value">An array containing the bytes to write</param>
            <param name="offset">The index of the first byte to write within the array</param>
            <param name="count">The number of bytes to write</param>
        </member>
        <member name="M:iTunesLibraryEditor.Util.EndianBinaryWriter.Write(System.Char)">
            <summary>
            Writes a single character to the stream, using the encoding for this writer.
            </summary>
            <param name="value">The value to write</param>
        </member>
        <member name="M:iTunesLibraryEditor.Util.EndianBinaryWriter.Write(System.Char[])">
            <summary>
            Writes an array of characters to the stream, using the encoding for this writer.
            </summary>
            <param name="value">An array containing the characters to write</param>
        </member>
        <member name="M:iTunesLibraryEditor.Util.EndianBinaryWriter.Write(System.String)">
            <summary>
            Writes a string to the stream, using the encoding for this writer.
            </summary>
            <param name="value">The value to write. Must not be null.</param>
            <exception cref="T:System.ArgumentNullException">value is null</exception>
        </member>
        <member name="M:iTunesLibraryEditor.Util.EndianBinaryWriter.Write7BitEncodedInt(System.Int32)">
            <summary>
            Writes a 7-bit encoded integer from the stream. This is stored with the least significant
            information first, with 7 bits of information per byte of value, and the top
            bit as a continuation flag.
            </summary>
            <param name="value">The 7-bit encoded integer to write to the stream</param>
        </member>
        <member name="M:iTunesLibraryEditor.Util.EndianBinaryWriter.CheckDisposed">
            <summary>
            Checks whether or not the writer has been disposed, throwing an exception if so.
            </summary>
        </member>
        <member name="M:iTunesLibraryEditor.Util.EndianBinaryWriter.WriteInternal(System.Byte[],System.Int32)">
            <summary>
            Writes the specified number of bytes from the start of the given byte array,
            after checking whether or not the writer has been disposed.
            </summary>
            <param name="bytes">The array of bytes to write from</param>
            <param name="length">The number of bytes to write</param>
        </member>
        <member name="M:iTunesLibraryEditor.Util.EndianBinaryWriter.Dispose">
            <summary>
            Disposes of the underlying stream.
            </summary>
        </member>
        <member name="P:iTunesLibraryEditor.Util.EndianBinaryWriter.BitConverter">
            <summary>
            The bit converter used to write values to the stream
            </summary>
        </member>
        <member name="P:iTunesLibraryEditor.Util.EndianBinaryWriter.Encoding">
            <summary>
            The encoding used to write strings
            </summary>
        </member>
        <member name="P:iTunesLibraryEditor.Util.EndianBinaryWriter.BaseStream">
            <summary>
            Gets the underlying stream of the EndianBinaryWriter.
            </summary>
        </member>
        <member name="T:iTunesLibraryEditor.Util.EndianBinaryReader">
            <summary>
            Equivalent of System.IO.BinaryReader, but with either endianness, depending on
            the EndianBitConverter it is constructed with. No data is buffered in the
            reader; the client may seek within the stream at will.
            </summary>
        </member>
        <member name="F:iTunesLibraryEditor.Util.EndianBinaryReader.disposed">
            <summary>
            Whether or not this reader has been disposed yet.
            </summary>
        </member>
        <member name="F:iTunesLibraryEditor.Util.EndianBinaryReader.decoder">
            <summary>
            Decoder to use for string conversions.
            </summary>
        </member>
        <member name="F:iTunesLibraryEditor.Util.EndianBinaryReader.buffer">
            <summary>
            Buffer used for temporary storage before conversion into primitives
            </summary>
        </member>
        <member name="F:iTunesLibraryEditor.Util.EndianBinaryReader.charBuffer">
            <summary>
            Buffer used for temporary storage when reading a single character
            </summary>
        </member>
        <member name="F:iTunesLibraryEditor.Util.EndianBinaryReader.minBytesPerChar">
            <summary>
            Minimum number of bytes used to encode a character
            </summary>
        </member>
        <member name="M:iTunesLibraryEditor.Util.EndianBinaryReader.#ctor(iTunesLibraryEditor.Util.EndianBitConverter,System.IO.Stream)">
            <summary>
            Equivalent of System.IO.BinaryWriter, but with either endianness, depending on
            the EndianBitConverter it is constructed with.
            </summary>
            <param name="bitConverter">Converter to use when reading data</param>
            <param name="stream">Stream to read data from</param>
        </member>
        <member name="M:iTunesLibraryEditor.Util.EndianBinaryReader.#ctor(iTunesLibraryEditor.Util.EndianBitConverter,System.IO.Stream,System.Text.Encoding)">
            <summary>
            Constructs a new binary reader with the given bit converter, reading
            to the given stream, using the given encoding.
            </summary>
            <param name="bitConverter">Converter to use when reading data</param>
            <param name="stream">Stream to read data from</param>
            <param name="encoding">Encoding to use when reading character data</param>
        </member>
        <member name="M:iTunesLibraryEditor.Util.EndianBinaryReader.Close">
            <summary>
            Closes the reader, including the underlying stream..
            </summary>
        </member>
        <member name="M:iTunesLibraryEditor.Util.EndianBinaryReader.Seek(System.Int32,System.IO.SeekOrigin)">
            <summary>
            Seeks within the stream.
            </summary>
            <param name="offset">Offset to seek to.</param>
            <param name="origin">Origin of seek operation.</param>
        </member>
        <member name="M:iTunesLibraryEditor.Util.EndianBinaryReader.ReadByte">
            <summary>
            Reads a single byte from the stream.
            </summary>
            <returns>The byte read</returns>
        </member>
        <member name="M:iTunesLibraryEditor.Util.EndianBinaryReader.ReadSByte">
            <summary>
            Reads a single signed byte from the stream.
            </summary>
            <returns>The byte read</returns>
        </member>
        <member name="M:iTunesLibraryEditor.Util.EndianBinaryReader.ReadBoolean">
            <summary>
            Reads a boolean from the stream. 1 byte is read.
            </summary>
            <returns>The boolean read</returns>
        </member>
        <member name="M:iTunesLibraryEditor.Util.EndianBinaryReader.ReadInt16">
            <summary>
            Reads a 16-bit signed integer from the stream, using the bit converter
            for this reader. 2 bytes are read.
            </summary>
            <returns>The 16-bit integer read</returns>
        </member>
        <member name="M:iTunesLibraryEditor.Util.EndianBinaryReader.ReadInt32">
            <summary>
            Reads a 32-bit signed integer from the stream, using the bit converter
            for this reader. 4 bytes are read.
            </summary>
            <returns>The 32-bit integer read</returns>
        </member>
        <member name="M:iTunesLibraryEditor.Util.EndianBinaryReader.ReadInt64">
            <summary>
            Reads a 64-bit signed integer from the stream, using the bit converter
            for this reader. 8 bytes are read.
            </summary>
            <returns>The 64-bit integer read</returns>
        </member>
        <member name="M:iTunesLibraryEditor.Util.EndianBinaryReader.ReadUInt16">
            <summary>
            Reads a 16-bit unsigned integer from the stream, using the bit converter
            for this reader. 2 bytes are read.
            </summary>
            <returns>The 16-bit unsigned integer read</returns>
        </member>
        <member name="M:iTunesLibraryEditor.Util.EndianBinaryReader.ReadUInt32">
            <summary>
            Reads a 32-bit unsigned integer from the stream, using the bit converter
            for this reader. 4 bytes are read.
            </summary>
            <returns>The 32-bit unsigned integer read</returns>
        </member>
        <member name="M:iTunesLibraryEditor.Util.EndianBinaryReader.ReadUInt64">
            <summary>
            Reads a 64-bit unsigned integer from the stream, using the bit converter
            for this reader. 8 bytes are read.
            </summary>
            <returns>The 64-bit unsigned integer read</returns>
        </member>
        <member name="M:iTunesLibraryEditor.Util.EndianBinaryReader.ReadSingle">
            <summary>
            Reads a single-precision floating-point value from the stream, using the bit converter
            for this reader. 4 bytes are read.
            </summary>
            <returns>The floating point value read</returns>
        </member>
        <member name="M:iTunesLibraryEditor.Util.EndianBinaryReader.ReadDouble">
            <summary>
            Reads a double-precision floating-point value from the stream, using the bit converter
            for this reader. 8 bytes are read.
            </summary>
            <returns>The floating point value read</returns>
        </member>
        <member name="M:iTunesLibraryEditor.Util.EndianBinaryReader.ReadDecimal">
            <summary>
            Reads a decimal value from the stream, using the bit converter
            for this reader. 16 bytes are read.
            </summary>
            <returns>The decimal value read</returns>
        </member>
        <member name="M:iTunesLibraryEditor.Util.EndianBinaryReader.Read">
            <summary>
            Reads a single character from the stream, using the character encoding for
            this reader. If no characters have been fully read by the time the stream ends,
            -1 is returned.
            </summary>
            <returns>The character read, or -1 for end of stream.</returns>
        </member>
        <member name="M:iTunesLibraryEditor.Util.EndianBinaryReader.Read(System.Char[],System.Int32,System.Int32)">
            <summary>
            Reads the specified number of characters into the given buffer, starting at
            the given index.
            </summary>
            <param name="data">The buffer to copy data into</param>
            <param name="index">The first index to copy data into</param>
            <param name="count">The number of characters to read</param>
            <returns>The number of characters actually read. This will only be less than
            the requested number of characters if the end of the stream is reached.
            </returns>
        </member>
        <member name="M:iTunesLibraryEditor.Util.EndianBinaryReader.Read(System.Byte[],System.Int32,System.Int32)">
            <summary>
            Reads the specified number of bytes into the given buffer, starting at
            the given index.
            </summary>
            <param name="buffer">The buffer to copy data into</param>
            <param name="index">The first index to copy data into</param>
            <param name="count">The number of bytes to read</param>
            <returns>The number of bytes actually read. This will only be less than
            the requested number of bytes if the end of the stream is reached.
            </returns>
        </member>
        <member name="M:iTunesLibraryEditor.Util.EndianBinaryReader.ReadBytes(System.Int32)">
            <summary>
            Reads the specified number of bytes, returning them in a new byte array.
            If not enough bytes are available before the end of the stream, this
            method will return what is available.
            </summary>
            <param name="count">The number of bytes to read</param>
            <returns>The bytes read</returns>
        </member>
        <member name="M:iTunesLibraryEditor.Util.EndianBinaryReader.ReadBytesOrThrow(System.Int32)">
            <summary>
            Reads the specified number of bytes, returning them in a new byte array.
            If not enough bytes are available before the end of the stream, this
            method will throw an IOException.
            </summary>
            <param name="count">The number of bytes to read</param>
            <returns>The bytes read</returns>
        </member>
        <member name="M:iTunesLibraryEditor.Util.EndianBinaryReader.Read7BitEncodedInt">
            <summary>
            Reads a 7-bit encoded integer from the stream. This is stored with the least significant
            information first, with 7 bits of information per byte of value, and the top
            bit as a continuation flag. This method is not affected by the endianness
            of the bit converter.
            </summary>
            <returns>The 7-bit encoded integer read from the stream.</returns>
        </member>
        <member name="M:iTunesLibraryEditor.Util.EndianBinaryReader.ReadBigEndian7BitEncodedInt">
            <summary>
            Reads a 7-bit encoded integer from the stream. This is stored with the most significant
            information first, with 7 bits of information per byte of value, and the top
            bit as a continuation flag. This method is not affected by the endianness
            of the bit converter.
            </summary>
            <returns>The 7-bit encoded integer read from the stream.</returns>
        </member>
        <member name="M:iTunesLibraryEditor.Util.EndianBinaryReader.ReadString(System.Int32)">
            <summary>
            Reads a length-prefixed string from the stream, using the encoding for this reader.
            A 7-bit encoded integer is first read, which specifies the number of bytes 
            to read from the stream. These bytes are then converted into a string with
            the encoding for this reader.
            </summary>
            <returns>The string read from the stream.</returns>
        </member>
        <member name="M:iTunesLibraryEditor.Util.EndianBinaryReader.CheckDisposed">
            <summary>
            Checks whether or not the reader has been disposed, throwing an exception if so.
            </summary>
        </member>
        <member name="M:iTunesLibraryEditor.Util.EndianBinaryReader.ReadInternal(System.Byte[],System.Int32)">
            <summary>
            Reads the given number of bytes from the stream, throwing an exception
            if they can't all be read.
            </summary>
            <param name="data">Buffer to read into</param>
            <param name="size">Number of bytes to read</param>
        </member>
        <member name="M:iTunesLibraryEditor.Util.EndianBinaryReader.TryReadInternal(System.Byte[],System.Int32)">
            <summary>
            Reads the given number of bytes from the stream if possible, returning
            the number of bytes actually read, which may be less than requested if
            (and only if) the end of the stream is reached.
            </summary>
            <param name="data">Buffer to read into</param>
            <param name="size">Number of bytes to read</param>
            <returns>Number of bytes actually read</returns>
        </member>
        <member name="M:iTunesLibraryEditor.Util.EndianBinaryReader.Dispose">
            <summary>
            Disposes of the underlying stream.
            </summary>
        </member>
        <member name="P:iTunesLibraryEditor.Util.EndianBinaryReader.BitConverter">
            <summary>
            The bit converter used to read values from the stream
            </summary>
        </member>
        <member name="P:iTunesLibraryEditor.Util.EndianBinaryReader.Encoding">
            <summary>
            The encoding used to read strings
            </summary>
        </member>
        <member name="P:iTunesLibraryEditor.Util.EndianBinaryReader.BaseStream">
            <summary>
            Gets the underlying stream of the EndianBinaryReader.
            </summary>
        </member>
        <member name="T:iTunesLibraryEditor.Exceptions.ParseException">
            <summary>
            Thrown when there is a problem reading the content of the itl file
            </summary>
        </member>
        <member name="T:iTunesLibraryEditor.DataTypes.ITunesRating">
            <summary>
            Wraps an iTunes-format rating and a human-readable Star Rating
            </summary>
        </member>
        <member name="T:iTunesLibraryEditor.AlbumListContainer">
            <summary>
            Implements a type 9 (Albums list) hdsm entry in iTunes library
            </summary>
        </member>
        <member name="T:iTunesLibraryEditor.AlbumList">
            <summary>
            Implements an halm element in the iTunes library
            </summary>
        </member>
        <member name="M:iTunesLibraryEditor.AlbumList.GetEnumerator">
            <summary>
            Enumerates each track in this playlist.
            </summary>
            <returns></returns>
        </member>
        <member name="T:iTunesLibraryEditor.Util.Endianness">
            <summary>
            Endianness of a converter
            </summary>
        </member>
        <member name="F:iTunesLibraryEditor.Util.Endianness.LittleEndian">
            <summary>
            Little endian - least significant byte first
            </summary>
        </member>
        <member name="F:iTunesLibraryEditor.Util.Endianness.BigEndian">
            <summary>
            Big endian - most significant byte first
            </summary>
        </member>
        <member name="T:iTunesLibraryEditor.TrackList">
            <summary>
            List of iTunes tracks.  This is where tracks are added/removed from the library.
            </summary>
        </member>
        <member name="M:iTunesLibraryEditor.TrackList.FindById(System.Int32)">
            <summary>
            Returns track matching specified Id.  Returns null if no matching track found.
            </summary>
            <param name="trackId"></param>
            <returns></returns>
        </member>
        <member name="M:iTunesLibraryEditor.TrackList.Add(System.String)">
            <summary>
            Adds a new track to iTunes.
            Throws a TrackAlreadyExistsException if the track already exists, otherwise returns a full Track object.
            </summary>
            <param name="newItem"></param>
            <returns></returns>
        </member>
        <member name="M:iTunesLibraryEditor.TrackList.Remove(iTunesLibraryEditor.Track)">
            <summary>
            Removes a track from iTunes.
            </summary>
            <param name="track"></param>
            <returns></returns>
        </member>
        <member name="M:iTunesLibraryEditor.TrackList.Contains(iTunesLibraryEditor.Track)">
            <summary>
            Returns true if this tracklist contains the specified track.
            </summary>
            <param name="item"></param>
            <returns></returns>
        </member>
        <member name="M:iTunesLibraryEditor.TrackList.GetTrackIndex(iTunesLibraryEditor.Track)">
            <summary>
            Returns index of specified track, if track doesnt exist, returns -1.
            </summary>
            <param name="item"></param>
            <returns></returns>
        </member>
        <member name="M:iTunesLibraryEditor.TrackList.GetEnumerator">
            <summary>
            Returns an enumerator for each track in this list.
            </summary>
            <returns></returns>
        </member>
        <member name="M:iTunesLibraryEditor.TrackList.GetExistingTrack(System.String)">
            <summary>
            Returns a track with matching Title, artist, album, tracknumber.
            If no existing track is found, return null;
            </summary>
            <param name="newTrack"></param>
            <returns></returns>
        </member>
        <member name="P:iTunesLibraryEditor.TrackList.Item(System.Int32)">
            <summary>
            Return the track at specified index.
            </summary>
            <param name="index"></param>
            <returns></returns>
        </member>
        <member name="P:iTunesLibraryEditor.TrackList.Count">
            <summary>
            Number of tracks in this list.
            </summary>
        </member>
        <member name="T:iTunesLibraryEditor.MediaType">
            <summary>
            Type of Media for a Track
            </summary>
        </member>
        <member name="T:iTunesLibraryEditor.TrackEntryType">
            <summary>
            Type of entry in the tracks list. A Placeholder could be either a Podcast group or a podcast track that hasn't been downloaded.
            </summary>
        </member>
        <member name="T:iTunesLibraryEditor.MediaFormat">
            <summary>
            Format of the track.  Wav files have been observed as both Wav and Wav2
            </summary>
        </member>
        <member name="T:iTunesLibraryEditor.Track">
            <summary>
            An iTunes track.  A track is either an Audio or Video file.
            </summary>
        </member>
        <member name="M:iTunesLibraryEditor.Track.UpdateDataLink(iTunesLibraryEditor.StringHohm,System.Collections.Generic.List{iTunesLibraryEditor.HohmElementType})">
            <summary>
            Updates the DataLinkId which ties the different track elements together. 
            Look through all the other songs, if we find a match for the element type, use the datalinkId.
            Otherwise, create a new datalinkId.
            The linkedTypes are used to tie the Artist,Album,Composer fields together.  (If an albumartist has the same 
            datalinkid as a composer, itunes ties them together for some reason.)
            This was one of the hardest things I've reverse-engineered! 
            </summary>
            <param name="hohm"></param>
            <param name="linkedTypes"></param>
        </member>
        <member name="P:iTunesLibraryEditor.Track.DescriptionText">
            <summary>
            This is only used for Podcast tracks.
            </summary>
        </member>
        <member name="P:iTunesLibraryEditor.Track.FilePath">
            <summary>
            Path to the file on the hard drive
            </summary>
        </member>
        <member name="P:iTunesLibraryEditor.Track.IsCompilation">
            <summary>
            True if song is part of a Compilation.
            </summary>
        </member>
        <member name="P:iTunesLibraryEditor.Track.AlbumTrackCount">
            <summary>
            Number of tracks in the album
            </summary>
        </member>
        <member name="P:iTunesLibraryEditor.Track.VolumeAdjustment">
            <summary>
            Volume Adjustment can be between -255 and 255. 0 is default.  Use to make songs louder or quieter than normal.
            </summary>
        </member>
        <member name="P:iTunesLibraryEditor.Track.PlayCount">
            <summary>
            How many times the track has been played
            </summary>
        </member>
        <member name="P:iTunesLibraryEditor.Track.DateLastPlayed">
            <summary>
            When the track was last played
            </summary>
        </member>
        <member name="T:iTunesLibraryEditor.StringEncoding">
            <summary>
            Type of encoding used by a string data element
            </summary>
        </member>
        <member name="T:iTunesLibraryEditor.HdsmHeader">
            <summary>
            Implements a generic hdsm entry in iTunes Library
            </summary>
        </member>
        <member name="T:iTunesLibraryEditor.Playlist">
            <summary>
            An iTunes playlist.  There are 3 diffent types of playlists currently. (Master, Smart, Standard).
            The Master playlist holds all tracks in iTunes.  
            Smart playlists are rebuilt by iTunes based on rules (Artist=Nirvana etc).
            </summary>
        </member>
        <member name="M:iTunesLibraryEditor.Playlist.Tracks">
            <summary>
            Enumerates each track in this playlist.
            </summary>
            <returns></returns>
        </member>
        <member name="M:iTunesLibraryEditor.Playlist.Placeholders">
            <summary>
            Enumerates each group/unavailable track in this playlist.
            </summary>
            <returns></returns>
        </member>
        <member name="M:iTunesLibraryEditor.Playlist.ContainsTrack(iTunesLibraryEditor.Track)">
            <summary>
            Returns true if this playlist contains the specified track.
            </summary>
            <param name="track"></param>
            <returns></returns>
        </member>
        <member name="M:iTunesLibraryEditor.Playlist.AddTrack(iTunesLibraryEditor.Track)">
            <summary>
            Add the specifed track to the end of this playlist.  If the track already exists it won't be added twice.
            </summary>
            <param name="track"></param>
        </member>
        <member name="M:iTunesLibraryEditor.Playlist.RemoveTrack(iTunesLibraryEditor.Track)">
            <summary>
            Remove the specified track from this playlist.
            </summary>
            <param name="track"></param>
        </member>
        <member name="P:iTunesLibraryEditor.Playlist.Name">
            <summary>
            Playlist name as it appears in iTunes
            </summary>
        </member>
        <member name="P:iTunesLibraryEditor.Playlist.IsMaster">
            <summary>
            True if this playlist is the Master playlist.
            </summary>
        </member>
        <member name="P:iTunesLibraryEditor.Playlist.IsSmartPlaylist">
            <summary>
            True if this playlist is a Smart playlist.
            </summary>
        </member>
        <member name="P:iTunesLibraryEditor.Playlist.TrackCount">
            <summary>
            How many tracks are in this playlist.
            </summary>
        </member>
        <member name="P:iTunesLibraryEditor.Playlist.ItemCount">
            <summary>
            How many playlist items are in this playlist
            </summary>
        </member>
        <member name="P:iTunesLibraryEditor.Playlist.LengthSummary">
            <summary>
            Returns the total length of tracks in this playlist as a hh:mm:ss string.
            </summary>
        </member>
        <member name="P:iTunesLibraryEditor.Playlist.SizeSummary">
            <summary>
            Returns the total size of tracks in this playlist as Mb or Gb (whichever is more appropriate).
            </summary>
        </member>
        <member name="T:iTunesLibraryEditor.TraceLogger">
            <summary>
            Utility class to log events and exceptions to a file.  iTunesLibraryEditor will write some events to this log if enabled.  User applications may
            also use this to log non-iTunesLibraryEditor events.
            </summary>
        </member>
        <member name="T:iTunesLibraryEditor.DebugLogger">
            <summary>
            Utility class to log Trace.Write/WriteLine events and exceptions to a file.  
            iTunesLibraryEditor will write some events to this log if enabled.  User applications may also use this to log non-iTunesLibraryEditor events.
            </summary>
        </member>
        <member name="M:iTunesLibraryEditor.DebugLogger.StartLogging(System.String)">
            <summary>
            Start logging.  
            </summary>
            <param name="filename"></param>
        </member>
        <member name="M:iTunesLibraryEditor.DebugLogger.StopLogging">
            <summary>
            Stop all logging.
            </summary>
        </member>
        <member name="M:iTunesLibraryEditor.DebugLogger.LogException(System.Exception)">
            <summary>
            Log an Exception. Will be prefaced with 'Exception: '
            </summary>
            <param name="ex"></param>
        </member>
        <member name="M:iTunesLibraryEditor.DebugLogger.LogUnhandledException(System.Object)">
            <summary>
            Log an Exception. Will be prefaced with 'Unhandled Exception: '
            </summary>
            <param name="ex"></param>
        </member>
        <member name="T:iTunesLibraryEditor.UnknownListContainer">
            <summary>
            Implements any unknown type hdsm entry in iTunes library
            Simply reads to the end of the list, ignoring the contents.
            To protect against future iTunes library changes.
            </summary>
        </member>
        <member name="T:iTunesLibraryEditor.iTunesLibrary">
            <summary>
            Loads and modifies an iTunes Library file (*.itl)
            </summary>
        </member>
        <member name="M:iTunesLibraryEditor.iTunesLibrary.#ctor">
            <summary>
            Load the default library (MyMusic\iTunes\iTunes Library.itl)
            </summary>
        </member>
        <member name="M:iTunesLibraryEditor.iTunesLibrary.#ctor(System.String)">
            <summary>
            Load an iTunes library from the given filePath
            </summary>
            <param name="path"></param>
        </member>
        <member name="M:iTunesLibraryEditor.iTunesLibrary.SaveChanges">
            <summary>
            Save changes to the loaded iTunes library file
            </summary>
        </member>
        <member name="M:iTunesLibraryEditor.iTunesLibrary.SaveChanges(System.String,System.Nullable{System.Boolean})">
            <summary>
            Save changes to the loaded iTunes library file to the specified file.
            </summary>
            <param name="filePath">File to save the itl file to</param>
            <param name="encrypted">True/False to force encryption, null to save in the same format as loaded</param>
        </member>
        <member name="M:iTunesLibraryEditor.iTunesLibrary.AcquireLock">
            <summary>
            Lock the library file so iTunes cannot use it while it is being updated here.
            </summary>
        </member>
        <member name="M:iTunesLibraryEditor.iTunesLibrary.ReleaseLock">
            <summary>
            Unlock the library file so iTunes can read it again.
            </summary>
        </member>
        <member name="M:iTunesLibraryEditor.iTunesLibrary.Backup">
            <summary>
            Backs up the iTunes library file.  This is done in 2 steps.  An original untouched copy is
            taken (called .original). This is only taken if it doesn't exist.  Then another copy
            is taken (called .backup).  This is always taken.
            So if you need to restore, try the .backup file first, then the .original.
            </summary>
        </member>
        <member name="P:iTunesLibraryEditor.iTunesLibrary.FilePath">
            <summary>
            Filename of the loaded iTunes Library
            </summary>
        </member>
        <member name="P:iTunesLibraryEditor.iTunesLibrary.IsCompatible">
            <summary>
            Returns true if iTunes LibraryEditor can save changes to this library.
            </summary>
        </member>
        <member name="P:iTunesLibraryEditor.iTunesLibrary.Version">
            <summary>
            Version of the iTunes Library file
            </summary>
        </member>
        <member name="P:iTunesLibraryEditor.iTunesLibrary.Tracks">
            <summary>
            List of tracks contained in the iTunes Library
            </summary>
        </member>
        <member name="P:iTunesLibraryEditor.iTunesLibrary.Playlists">
            <summary>
            List of playlists contained in the iTunes Library
            </summary>
        </member>
        <member name="P:iTunesLibraryEditor.iTunesLibrary.Albums">
            <summary>
            List of albums contained in the iTunes Library
            </summary>
        </member>
        <member name="P:iTunesLibraryEditor.iTunesLibrary.MusicFolderLocation">
            <summary>
            Music folder location of the iTunes library
            </summary>
        </member>
        <member name="F:iTunesLibraryEditor.Forms.SplashScreen.components">
            <summary>
            Required designer variable.
            </summary>
        </member>
        <member name="M:iTunesLibraryEditor.Forms.SplashScreen.Dispose(System.Boolean)">
            <summary>
            Clean up any resources being used.
            </summary>
            <param name="disposing">true if managed resources should be disposed; otherwise, false.</param>
        </member>
        <member name="M:iTunesLibraryEditor.Forms.SplashScreen.InitializeComponent">
            <summary>
            Required method for Designer support - do not modify
            the contents of this method with the code editor.
            </summary>
        </member>
        <member name="T:iTunesLibraryEditor.PlaylistItem">
            <summary>
            Implements a hptm entry in iTunes library
            </summary>
        </member>
        <member name="T:iTunesLibraryEditor.License">
            <summary>
            Purchase a license from http://www.1amstudios.com/products/iTunesLibraryEditor to prevent the loading screen from appearing.
            </summary>
        </member>
        <member name="M:iTunesLibraryEditor.License.Set(System.String,System.String)">
            <summary>
            If you have a licence key, call this method, passing in your name and key to disable the splash screen.
            </summary>
            <param name="name">Your registration name</param>
            <param name="key">Your key</param>
        </member>
        <member name="T:iTunesLibraryEditor.Helpers">
            <summary>
            Static class containing some helpful functions.
            </summary>
        </member>
        <member name="M:iTunesLibraryEditor.Helpers.GetDateTimeFromTimeStamp(System.UInt32)">
            <summary>
            Returns a DateTime from an iTunes-format timestamp
            </summary>
            <param name="timestamp"></param>
            <returns></returns>
        </member>
        <member name="M:iTunesLibraryEditor.Helpers.GetTimeStampFromDate(System.DateTime)">
            <summary>
            Returns iTunes-format timestamp from specified DateTime
            </summary>
            <param name="date"></param>
            <returns></returns>
        </member>
        <member name="M:iTunesLibraryEditor.Helpers.GetTimeString(System.Int64)">
            <summary>
            Returns hh:mm:ss string from specified number of seconds
            </summary>
            <param name="seconds"></param>
            <returns></returns>
        </member>
        <member name="M:iTunesLibraryEditor.Helpers.GetFileSizeString(System.Int64,System.Int32)">
            <summary>
            Returns string describing the specified filesize.  MB or GB will be displayed depending how large the number is
            </summary>
            <param name="fileSizeBytes"></param>
            <param name="decimalPoints"></param>
            <returns></returns>
        </member>
        <member name="M:iTunesLibraryEditor.Helpers.TestCompatibility(System.String,System.String)">
            <summary>
            Can only be called before making changes to the library
            Makes sure we can write back the itl file exactly as it was from our object model before making any changes.
            </summary>
            <returns></returns>
        </member>
    </members>
</doc>
